LINE,BLUE_GY,TESTER
10001,153.3452758,209
10002,172.297377,209
10003,165.8184143,209
10004,171.7324407,209
10005,192.6366964,209
10006,160.1519731,209
10007,156.8611589,209
10008,145.1900538,209
10009,160.9525917,209
10010,159.2840206,209
10011,148.2267661,209
10012,167.770064,209
10013,154.2477052,209
10014,139.6418956,209
10015,148.4832601,209
10016,168.5989938,209
10017,162.5272797,209
10018,173.5440869,209
10019,165.9598248,209
10020,163.9826822,209
10021,165.2267579,209
10022,167.639228,209
10023,175.3842757,209
10024,169.8848081,209
10025,140.368805,209
10026,164.2812615,209
10027,153.2964694,209
10028,172.1287077,209
10029,150.3623284,209
10030,175.5465512,209
10031,159.7721013,209
10032,177.2822678,209
10033,159.3536895,209
10034,156.231912,209
10035,164.4052897,209
10036,170.2661291,209
10037,150.240336,209
10038,160.6039054,209
10039,157.0808003,209
10040,149.3796423,209
10041,157.4978102,209
10042,173.2383959,209
10043,149.1349848,209
10044,170.3607034,209
10045,162.9637844,209
10046,171.2391908,209
10047,153.3901283,209
10048,162.1904865,209
10049,171.7531169,209
10050,172.3803936,209
10051,164.8857264,209
10052,167.5508878,209
10053,163.3375183,209
10054,172.0714634,209
10055,156.0557017,209
10056,150.700364,209
10057,165.6556136,209
10058,155.8168915,209
10059,160.1703282,209
10060,146.8361209,209
10061,150.831534,209
10062,165.4067224,209
10063,152.5448787,209
10064,165.7530888,209
10065,163.0507426,209
10066,155.1160638,209
10067,169.3179172,209
10068,173.1592633,209
10069,172.2442989,209
10070,161.625435,209
10071,170.7156064,209
10072,171.2564771,209
10073,168.7348444,209
10074,180.7226101,209
10075,158.205,209
10076,158.8825,209
10077,122.7791829,209
10078,177.4351985,209
10079,133.205,209
10080,160.7675,209
10081,156.1125,209
10082,154.6275,209
10083,160.905,209
10084,145.3275,209
10085,166.8584373,209
10086,149.7775,209
10087,145.55,209
10088,161.065,209
10089,158.0075,209
10090,153.77,209
10091,152.5784216,209
10092,155.175,209
10093,137.5775,209
10094,161.0525,209
10095,135.1725,209
10096,153.6425,209
10097,153.345,209
10098,161.07,209
10099,140.5125,209
10100,170.1125,209
10101,160.3925,209
10102,146.12,209
10103,143.45,209
10104,153.0575,209
10105,163.7425,209
10106,150.2425,209
10107,163.0275,209
10108,146.6525,209
10109,143.4275,209
10110,166.4525,209
10111,148.7275,209
10112,180.3825,209
10113,143.935,209
10114,130.8642447,209
10115,156.5203915,209
10116,132.6195402,209
10117,139.5886254,209
10118,140.132582,209
10119,163.9600326,209
10120,139.9230675,209
10121,156.590213,209
10122,160.1246388,209
10123,144.7088132,209
10124,155.5825,209
10125,147.145,209
10126,153.925,209
10127,146.9625,209
10128,152.5248036,209
10129,167.1450815,209
10130,161.6975,209
10131,155.585,209
10132,137.97,209
10133,155.985,209
10134,164.305,209
10135,145.3975,209
10136,157.1875,209
10137,160.374565,209
10138,152.4825,209
10139,136.0575,209
10140,154.5725,209
10141,153.9746574,209
10142,143.26,209
10143,143.7075,209
10144,172.34,209
10145,142.7525,209
10146,155.3025,209
10147,148.015,209
10148,161.4675,209
10149,159.63,209
10150,156.19,209
10151,167.5875,209
10152,155.64,209
10153,155.94,209
10154,135.7,209
10155,159.7975,209
10156,172.775,209
10157,147.23,209
10158,162.39,209
10159,149.575,209
10160,145.285,209
10161,161.4775,209
10162,168.6225,209
10163,145.7925,209
10164,155.105,209
10165,168.9,209
10166,139.1875,209
10167,141.2225,209
10168,142.78,209
10169,128.502096,209
10170,141.0428947,209
10171,138.1127611,209
10172,177.9757826,209
10173,154.2016328,209
10174,130.8434189,209
10175,142.7786287,209
10176,142.1616202,209
10177,142.4801564,209
10178,141.6565817,209
10179,159.0814358,209
10180,152.4670575,209
10181,143.6095494,209
10182,160.8273368,209
10183,166.546635,209
10184,152.638393,209
10185,141.4527461,209
10186,133.6558585,209
10187,134.5016479,209
10188,119.8538875,209
10189,135.1547084,209
10190,158.3028531,209
10191,145.6275,209
10192,150.9725,209
10193,149.2675,209
10194,147.705,209
10195,157.5775,209
10196,156.225,209
10197,148.21,209
10198,162.84,209
10199,147.335,209
10200,158.265,209
10201,143.885,209
10202,160.2675,209
10203,168.1725,209
10204,161.4753099,209
10205,144.6775,209
10206,154.4775,209
10207,137.7158618,209
10208,166.7275,209
10209,132.6475,209
10210,155.44,209
10211,164.39,209
10212,160.24,209
10213,150.0175,209
10214,142.2825,209
10215,163.4825,209
10216,150.9575,209
10217,160.29,209
10218,159.5075,209
10219,163.69,209
10220,153.515,209
10221,158.1575,209
10222,132.2271858,209
10223,151.65,209
10224,135.4991815,209
10225,125.5000165,209
10226,123.5387696,209
10227,142.9977923,209
10228,130.2376311,209
10229,148.0343299,209
10230,123.0697909,209
10231,144.7359796,209
10232,128.6078557,209
10233,130.7926207,209
10234,134.0928913,209
10235,134.9507833,209
10236,145.0689246,209
10237,145.3044301,209
10238,140.705,209
10240,130.0267819,209
10241,155.7477433,209
10242,136.7110232,209
10243,132.7482888,209
10244,144.6018238,209
10245,161.2114487,209
10246,149.9216912,209
10247,103.0327512,209
10248,131.2387447,209
10249,128.1027788,209
10250,138.2604457,209
10251,145.6836448,209
10252,153.2948956,209
10253,147.124911,209
10254,123.1316766,209
10255,149.1218891,209
10256,141.7479557,209
10257,149.9461468,209
10258,129.6791915,209
10259,107.7706819,209
10260,142.1535881,209
10261,134.5437701,209
10262,143.309238,209
10264,113.1248056,209
10265,131.1482689,209
10266,132.9141376,209
10267,133.3740383,209
10268,145.6792457,209
10269,168.6440664,209
10270,143.0092298,209
10271,146.1970225,209
10272,143.1892163,209
10273,169.5021704,209
10274,158.1686538,209
10275,181.3945219,209
10276,141.648268,209
10277,150.6907468,209
10278,148.7202874,209
10279,142.9676924,209
10280,163.2332653,209
10281,148.0223645,209
10282,154.6745597,209
10283,163.0303508,209
10284,161.987736,209
10285,125.2737562,209
10286,169.5080245,209
10287,127.662743,209
10288,145.189282,209
10289,144.5611897,209
10290,167.8104249,209
10291,171.8470501,209
10292,158.3473207,209
10293,166.7532547,209
10294,128.4677408,209
10295,137.3448443,209
10296,167.9429129,209
10297,161.6425295,209
10298,155.5202535,209
10299,177.7502511,209
10300,164.7918374,209
10301,172.7313794,209
10302,174.2970375,209
10303,156.345977,209
10304,176.5948414,209
10305,180.9245345,209
10306,169.3086237,209
10307,181.5351182,209
10308,166.0347523,209
10309,155.1479732,209
10310,147.6466479,209
10311,153.7132445,209
10312,147.5051923,209
10313,164.858266,209
10314,156.2105706,209
10315,172.5108494,209
10316,159.5066943,209
10317,168.9569944,209
10318,151.6234826,209
10319,167.0695013,209
10320,169.5476281,209
10321,154.4446187,209
10322,153.6055374,209
10323,152.1372287,209
10324,166.2012052,209
10325,162.3337,209
10326,148.788526,209
10327,164.727902,209
10328,150.5765278,209
10329,151.9259,209
10330,154.9249236,209
10331,150.5898179,209
10332,156.5427614,209
10333,152.2230398,209
10334,156.9803818,209
10335,168.6474005,209
10336,163.1697811,209
10337,156.8676842,209
10338,162.2541661,209
10339,162.9541352,209
10340,164.040755,209
10341,144.0091712,209
10342,163.4665409,209
10343,160.4184369,209
10344,169.6722749,209
10345,163.8189306,209
10346,161.3986514,209
10347,156.1159266,209
10348,139.5891044,209
10349,171.4760491,209
10350,144.1268725,209
10351,147.9759567,209
10352,161.6448975,209
10353,155.9422367,209
10354,145.0922232,209
10355,162.645005,209
10356,149.201381,209
10357,152.1797288,209
10358,163.0130911,209
10359,157.0399617,209
10360,170.1372137,209
10361,165.5648259,209
10362,166.6982626,209
10363,156.3310416,209
10364,153.6991659,209
10365,163.1935514,209
10366,148.9415232,209
10367,161.7583929,209
10368,158.9989229,209
10369,164.6806529,209
10370,163.9055045,209
10371,167.7402772,209
10372,144.9803097,209
10373,127.2642198,209
10374,151.7988652,209
10375,170.431375,209
10376,146.061408,209
10377,142.0261411,209
10379,146.2899975,209
10380,149.1120706,209
10381,161.4089341,209
10382,160.0985005,209
10383,152.7882575,209
10384,145.9608341,209
10385,158.38,209
10386,152.6233879,209
10387,150.8425,209
10388,149.5634238,209
10389,145.8593549,209
10390,139.8147931,209
10391,135.4621086,209
10392,146.8436106,209
10393,162.9504841,209
10394,143.0630408,209
10395,164.0809347,209
10396,144.7596118,209
10397,161.0921798,209
10398,140.7934238,209
10399,142.2184269,209
10400,172.5646189,209
10401,163.2675566,209
10402,148.3069839,209
10403,166.9534896,209
10404,161.2885469,209
10405,149.760835,209
10406,164.9452002,209
10407,161.9587846,209
10408,134.2393016,209
10409,141.5469549,209
10410,172.87,209
10411,142.6552356,209
10412,147.3221904,209
10413,171.3472603,209
10414,152.5707348,209
10415,139.8246121,209
10416,144.6347989,209
10417,153.1656528,209
10418,180.6957736,209
10419,149.5863874,209
10420,121.8914414,209
10421,161.781379,209
10422,147.1875516,209
10423,151.2093861,209
10424,154.0451381,209
10425,148.4558468,209
10426,152.9028326,209
10427,177.9833573,209
10428,164.0960854,209
10429,176.0090874,209
10430,169.8803915,209
10431,122.7603915,209
10432,154.0853915,209
10433,130.0103915,209
10434,134.7003915,209
10435,157.0458068,209
10436,142.5403915,209
10437,141.9189565,209
10438,147.8753915,209
10439,163.7203915,209
10440,150.010466,209
10441,168.7503915,209
10442,140.6630946,209
10443,171.9503915,209
10444,147.0753915,209
10445,131.500466,209
10446,145.2103915,209
10447,148.2253915,209
10448,168.5053915,209
10449,106.140466,209
10450,158.7803915,209
10451,136.3903915,209
10452,159.0403915,209
10453,128.8125,209
10454,132.575,209
10455,149.16,209
10456,131.09,209
10457,130.8975,209
10458,143.61,209
10459,155.7975,209
10460,139.04,209
10461,131.4675,209
10462,132.1775,209
10463,121.4775,209
10464,138.7866836,209
10465,130.01,209
10466,129.405,209
10467,136.59,209
10468,158.33,209
10469,128.865,209
10470,144.7125,209
10471,128.58,209
10472,144.5475,209
10473,122.865,209
10474,142.4475,209
10475,158.0863173,209
10476,162.1279137,209
10477,153.320257,209
10478,159.4440621,209
10479,148.5796954,209
10480,161.666951,209
10481,167.7948575,209
10482,170.7672327,209
10483,154.4035476,209
10484,153.5046085,209
10485,158.0883029,209
10486,169.6295764,209
10487,164.9196085,209
10488,139.4145674,209
10489,156.4348042,209
10490,173.210623,209
10491,161.1648424,209
10492,170.3752491,209
10493,174.2648734,209
10494,168.3620858,209
10495,162.8692879,209
10496,170.6934861,209
10497,171.3881238,209
10498,129.1536467,209
10499,177.6591466,209
10500,175.9089699,209
10501,153.185979,209
10502,120.6264935,209
10503,151.0475,209
10504,145.5936705,209
10505,178.4844349,209
10506,162.8004987,209
10507,167.7512929,209
10508,120.0916042,209
10509,172.5515326,209
10510,162.8411342,209
10511,163.9416479,209
10512,144.921687,209
10513,161.4249926,209
10514,163.095,209
10515,136.0624314,209
10516,153.637267,209
10517,150.337375,209
10518,169.4621953,209
10519,149.445,209
10520,164.6025791,209
10521,161.4970197,209
10522,153.975,209
10523,160.2097527,209
10524,140.966011,209
10525,149.8391893,209
10526,125.1879539,209
10527,165.6754244,209
10528,153.87,209
10529,143.7647902,209
10530,149.1600901,209
10531,163.7851199,209
10532,163.879773,209
10533,165.3227436,209
10534,170.7884216,209
10535,121.629867,209
10536,130.9749872,209
10537,153.4016479,209
10538,145.9695267,209
10539,164.0417915,209
10540,146.2767224,209
10541,166.3040836,209
10542,160.1031401,209
10543,130.4691612,209
10544,159.5391486,209
10545,141.5303017,209
10546,162.6057424,209
10547,150.414934,209
10548,131.3626875,209
10549,150.3648265,209
10550,163.4550149,209
10551,143.3198413,209
10552,161.5708394,209
10553,124.2792532,209
10554,146.6714638,209
10555,147.8160948,209
10556,170.96,209
10557,167.7983006,209
10558,169.6170235,209
10559,185.463416,209
10560,169.7219425,209
10561,173.3183731,209
10562,186.2945472,209
10563,177.3337417,209
10564,180.1406904,209
10565,175.7942191,209
10566,175.6145632,209
10567,167.8325137,209
10568,150.0299347,209
10569,172.6434925,209
10570,183.0120568,209
10571,175.4929557,209
10572,164.6907324,209
10573,150.7152428,209
10574,158.8459834,209
10575,180.1187822,209
10576,182.7736309,209
10577,164.9508089,209
10578,151.7445603,209
10579,151.2706424,209
10580,171.2967224,209
10581,174.5328027,209
10582,189.3358653,209
10583,167.6475929,209
10584,165.5618273,209
10585,160.8491176,209
10586,176.3734408,209
10587,175.2901792,209
10588,160.1993509,209
10589,178.5566479,209
10590,169.1166479,209
10591,158.0216479,209
10592,178.3216479,209
10593,173.1916479,209
10594,180.2316479,209
10595,166.6366479,209
10596,185.1629788,209
10597,139.5116479,209
10598,158.8204923,209
10599,162.0166479,209
10600,193.5666479,209
10601,174.6216479,209
10602,163.0016479,209
10603,166.4594336,209
10604,161.3916479,209
10605,165.6771349,209
10606,162.8466479,209
10607,168.9366479,209
10608,166.1016479,209
10609,169.9766479,209
10610,191.2152336,209
10611,176.7916479,209
10612,201.0946085,209
10613,144.8816479,209
10614,167.8816479,209
10615,150.120317,209
10616,185.2129788,209
10617,152.0666479,209
10618,177.730317,209
10619,160.0466479,209
10620,186.2116479,209
10621,134.0166479,209
10622,156.5666479,209
10623,173.5666479,209
10624,168.8666479,209
10626,159.2866479,209
10627,158.7966479,209
10628,169.8116479,209
10629,177.4316479,209
10630,177.0816479,209
10631,184.0816479,209
10632,171.4966479,209
10633,183.0566479,209
10634,159.690317,209
10635,190.7966479,209
10636,186.1016479,209
10637,166.2816479,209
10638,166.6966479,209
10639,181.8016479,209
10640,152.3316479,209
10641,179.5366479,209
10642,186.3016479,209
10643,165.4316479,209
10644,177.0066479,209
10646,183.9466479,209
10647,164.7566479,209
10648,163.0816479,209
10649,171.6316479,209
10650,186.2266479,209
10651,166.5766479,209
10652,170.8116479,209
10653,167.2216479,209
10654,161.3166479,209
10655,153.2966479,209
10656,186.6366479,209
10657,170.7766479,209
10658,179.7216479,209
10659,166.9616479,209
10660,159.6716479,209
10661,179.8716479,209
10662,179.2516479,209
10663,136.3266479,209
10664,179.5966479,209
10665,170.0016479,209
10666,173.2466479,209
10667,139.6216479,209
10668,184.0416479,209
10669,191.7216479,209
10670,157.7966479,209
10671,179.9455569,209
10672,172.8466479,209
10673,134.1266479,209
10674,187.3016479,209
10675,193.3116479,209
10676,184.8166479,209
10677,142.4266479,209
10678,173.5616479,209
10679,207.6466479,209
10680,177.5116479,209
10681,173.4914729,209
10682,170.4866479,209
10683,170.2216479,209
10684,178.4616479,209
10685,158.3016479,209
10686,170.7816479,209
10687,175.2166479,209
10688,152.3416479,209
10689,184.3816479,209
10690,181.0316479,209
10691,151.8466479,209
10692,173.5366479,209
10693,182.5566479,209
10694,140.1416479,209
10695,178.2966479,209
10696,165.6166479,209
10697,172.5966479,209
10698,166.2416479,209
10699,175.9866479,209
10700,166.5916479,209
10701,175.5666479,209
10702,193.2966479,209
10703,156.7516479,209
10704,209.8516479,209
10705,161.0616479,209
10706,184.1416479,209
10707,154.5116479,209
10708,165.0166479,209
10709,183.7566479,209
10710,160.0516479,209
10711,154.3316479,209
10712,178.9541444,209
10713,178.8066479,209
10714,176.1422101,209
10715,175.7466479,209
10716,159.7916479,209
10717,160.8934983,209
10718,157.4322919,209
10719,184.6016479,209
10720,160.7416479,209
10721,166.1516479,209
10722,187.0116479,209
10723,151.7166479,209
10724,166.0966479,209
10725,169.8166479,209
10726,162.4478387,209
10727,161.6066479,209
10728,156.6416479,209
10729,157.1516479,209
10730,138.3716479,209
10731,176.5366479,209
10732,172.564157,209
10733,158.4616479,209
10734,186.077936,209
10735,177.1016479,209
10736,180.0016479,209
10737,146.0196627,209
10738,171.1656716,209
10739,161.7287526,209
10740,150.2771097,209
10741,148.2996545,209
10742,162.0080832,209
11203,163.8103915,209
11204,149.6753915,209
11205,169.0103915,209
11206,158.7753915,209
11207,153.2503915,209
11208,153.4903915,209
11209,152.2603915,209
11210,171.4103915,209
11211,159.7503915,209
11212,152.3353915,209
11213,144.6953915,209
11214,159.4753915,209
11215,167.2253915,209
11216,159.2803915,209
11217,176.5303915,209
11218,165.2853915,209
11219,135.0103915,209
11220,138.9103915,209
11221,151.5303915,209
11222,131.5553915,209
11223,163.4453915,209
11224,159.8803915,209
11225,141.8503915,209
11226,148.8803915,209
11227,167.1203915,209
11228,174.0503915,209
11229,145.7703915,209
11230,172.8603915,209
11231,139.6153915,209
11232,155.6603915,209
11233,162.9653915,209
11234,133.1303915,209
11235,148.2503915,209
11236,150.9303915,209
11237,147.3853915,209
11238,142.2453915,209
11239,158.1403915,209
11240,174.9653915,209
11241,157.4803915,209
11242,164.1153915,209
11243,181.1803915,209
11244,148.2503915,209
11245,164.9753915,209
11246,165.3253915,209
11247,152.8703915,209
11248,128.2453915,209
11249,156.8053915,209
11250,179.0703915,209
11251,146.6403915,209
11252,157.8203915,209
11253,156.8803915,209
11254,159.1703915,209
11255,159.2453915,209
11256,158.0103915,209
11257,133.1653915,209
11258,161.9953915,209
11259,169.7903915,209
11262,145.0039096,209
11263,174.5358603,209
11264,155.5640465,209
11265,161.1896325,209
11266,168.1251173,209
11267,146.2313407,209
11268,150.8604302,209
11269,158.5697879,209
11270,164.9447905,209
11271,165.4669446,209
11272,172.314471,209
11273,165.4494089,209
11274,173.0285448,209
11275,169.563,209
11276,173.2158937,209
11277,163.0333045,209
11278,152.8310314,209
11279,146.3684999,209
11280,175.7004481,209
11281,155.8084964,209
11282,145.8707221,209
11283,151.0970569,209
11284,158.6386688,209
11285,159.1225343,209
11286,165.9011597,209
11287,154.3547291,209
11288,155.870466,209
11289,174.5703915,209
11290,152.5803915,209
11291,159.5153915,209
11292,159.0355631,209
11293,171.8903915,209
11294,161.0001892,209
11295,166.3155043,209
11296,153.8279456,209
11297,155.1396085,209
11298,164.8353915,209
11299,177.0553915,209
11300,164.7415258,209
11301,175.2103915,209
11302,164.5545393,209
11303,159.5016611,209
11304,162.8453915,209
11305,158.3108572,209
11306,158.0395928,209
11307,161.8323877,209
11308,179.3503915,209
11309,166.5503915,209
11310,158.5148166,209
11311,138.7535751,209
11312,202.470317,209
11313,152.7553915,209
11314,160.5356057,209
11315,157.1486582,209
11316,136.2903915,209
11317,164.5303915,209
11318,131.6334178,209
11319,155.8103915,209
11320,166.6247746,209
11321,169.0853915,209
11322,161.6610847,209
11323,162.8103915,209
11324,176.2403915,209
11325,168.7253915,209
11326,162.8742988,209
11327,164.7346599,209
11328,160.2003915,209
11329,177.2253915,209
11330,163.0703915,209
11331,191.9253915,209
11332,139.8399482,209
11333,162.01379,209
11334,162.2803915,209
11335,172.6668836,209
11336,168.7203915,209
11337,163.0994036,209
11338,153.4253915,209
11339,160.3940383,209
11340,130.8996085,209
11341,172.4053915,209
11342,167.9503915,209
11343,180.7253915,209
11344,167.7840867,209
11345,163.130757,209
11346,169.6005861,209
11347,159.7127667,209
11348,165.8853915,209
11349,179.3853915,209
11350,153.2422261,209
11353,165.6316479,209
11354,144.6853915,209
11355,177.9503915,209
11356,184.2953915,209
11357,165.7503915,209
11358,142.9503915,209
11359,176.8203915,209
11360,173.5103915,209
11361,165.4253915,209
11362,175.4553915,209
11363,183.9003915,209
11364,175.8503915,209
11365,157.6553915,209
11366,179.3903915,209
11367,170.8703915,209
11368,190.7553915,209
11369,171.5453915,209
11370,169.5753915,209
11371,174.7503915,209
11372,190.0303915,209
11373,135.7403915,209
11374,167.2403915,209
11375,181.8153915,209
11376,215.0103915,209
11377,180.0353915,209
11378,164.9403915,209
11379,166.6353915,209
11380,158.8253915,209
11381,169.2053915,209
11382,131.3003915,209
11383,146.4403915,209
11384,163.7903915,209
11385,170.6303915,209
11386,167.5003915,209
11387,164.4953915,209
11388,161.7453915,209
11389,171.0953915,209
11390,190.5703915,209
11391,184.4453915,209
11392,160.6853915,209
11393,173.9803915,209
11394,151.5103915,209
11395,179.6903915,209
11396,165.7553915,209
11397,168.5753915,209
11398,171.0753915,209
11399,167.1353915,209
11400,170.4353915,209
11401,170.2553915,209
11402,175.7503915,209
11403,162.9253915,209
11404,160.0853915,209
11405,171.6253915,209
11406,168.8403915,209
11407,167.9503915,209
11408,168.1653915,209
11411,162.9753915,209
11412,164.750466,209
11413,154.3953915,209
11414,169.8553915,209
11415,168.4703915,209
11416,165.3803915,209
11417,146.1729788,209
11418,176.5203915,209
11419,160.8953915,209
11420,182.7453915,209
11421,159.3253915,209
11422,156.2753915,209
11423,167.4403915,209
11424,177.7703915,209
11425,122.5729788,209
11426,150.9203915,209
11427,179.2303915,209
11428,169.1603915,209
11429,172.7953915,209
11430,177.4153915,209
11431,143.3653915,209
11432,168.3853915,209
11433,163.3896085,209
11434,174.3803915,209
11435,170.2753915,209
11436,181.1853915,209
11437,160.2103915,209
11438,179.8303915,209
11439,156.0553915,209
11440,161.6253915,209
11441,152.2053915,209
11442,149.460466,209
11443,160.8803915,209
11444,146.3753915,209
11445,146.2203915,209
11446,178.760466,209
11447,164.4353915,209
11448,149.2903915,209
11449,166.3453915,209
11450,155.1303915,209
11451,171.8353915,209
11452,158.3503915,209
11453,154.5203915,209
11454,160.280317,209
11455,142.1553915,209
11456,172.1553915,209
11457,173.0103915,209
11458,164.8653915,209
11459,146.3353915,209
11460,190.2153915,209
11461,168.9703915,209
11462,174.1053915,209
11463,163.8853915,209
11464,140.9903915,209
11465,118.5703915,209
11466,159.0403915,209
11469,169.8903915,209
11470,189.2303915,209
11471,171.0803915,209
11472,209.2453915,209
11473,176.6403915,209
11474,164.9903915,209
11475,173.5203915,209
11476,159.6853915,209
11477,174.4253915,209
11478,189.2103915,209
11479,186.7853915,209
11480,155.9853915,209
11481,146.8003915,209
11482,192.7653915,209
11483,153.9829788,209
11484,179.4953915,209
11485,168.1753915,209
11486,169.1753915,209
11487,178.5953915,209
11488,168.7453915,209
11489,197.2753915,209
11490,177.9753915,209
11491,164.8753915,209
11492,171.950466,209
11493,150.8703915,209
11494,182.4453915,209
11495,158.7903915,209
11496,144.1353915,209
11497,177.7653915,209
11498,168.0203915,209
11499,197.7653915,209
11500,176.9203915,209
11501,152.1403915,209
11502,173.6003915,209
11503,174.7453915,209
11504,129.6853915,209
11505,159.6153915,209
11506,172.9953915,209
11507,173.2753915,209
11508,166.4503915,209
11509,154.840466,209
11510,159.9503915,209
11511,184.1553915,209
11512,164.0303915,209
11513,179.2153915,209
11514,184.9803915,209
11515,158.0503915,209
11516,159.5953915,209
11517,171.0203915,209
11518,127.9603915,209
11519,180.9853915,209
11520,164.4603915,209
11521,161.5953915,209
11522,160.7753915,209
11523,176.020466,209
11524,154.2453915,209
11525,169.3953915,209
11528,143.2130153,209
11529,142.3080505,209
11530,154.160234,209
11531,143.0865823,209
11532,161.3913879,209
11533,159.0229897,209
11534,142.368565,209
11535,142.9059526,209
11536,145.8102282,209
11537,158.82072,209
11538,148.2185093,209
11539,143.3206963,209
11540,149.2739592,209
11541,160.9243146,209
11542,156.4685137,209
11543,163.5829156,209
11544,130.7126576,209
11545,155.2593564,209
11546,137.6565542,209
11547,163.1885272,209
11548,151.4194048,209
11549,146.6192286,209
11550,164.4578525,209
11551,137.5707936,209
11552,151.5019277,209
11553,149.0584115,209
11554,154.19225,209
11555,140.1934244,209
11556,140.5261631,209
11557,138.6521833,209
11558,157.8063775,209
11559,144.6842511,209
11560,152.480597,209
11561,158.3081356,209
11562,146.9785044,209
11563,137.8108657,209
11564,141.7483781,209
11565,141.1173369,209
11566,148.8156713,209
11567,142.3756224,209
11568,156.4627491,209
11569,147.3081637,209
11570,143.3427051,209
11571,149.6124301,209
11572,163.9953915,209
11573,149.2081971,209
11574,159.0600931,209
11575,154.2899755,209
11576,155.4552081,209
11577,156.0629563,209
11578,151.9741059,209
11579,143.2956302,209
11580,149.0128101,209
11581,151.5176719,209
11582,142.616317,209
11583,151.4736674,209
11586,165.8816479,209
11587,185.4203915,209
11588,161.8653915,209
11589,181.1603915,209
11590,186.640317,209
11591,156.0553915,209
11592,173.2853915,209
11593,169.5503915,209
11594,178.0953915,209
11595,180.1353915,209
11596,166.8503915,209
11597,164.670317,209
11598,164.2653915,209
11599,156.6003915,209
11600,161.4403915,209
11601,173.3153915,209
11602,166.1053915,209
11603,169.0953915,209
11604,163.9553915,209
11605,168.5753915,209
11606,172.3853915,209
11607,178.7003915,209
11608,174.8353915,209
11609,183.2003915,209
11610,171.3953915,209
11611,174.4553915,209
11612,151.5053915,209
11613,171.2353915,209
11614,170.3703915,209
11615,172.6653915,209
11616,173.4903915,209
11617,173.5203915,209
11618,176.2853915,209
11619,166.6953915,209
11620,173.3803915,209
11621,162.6903915,209
11622,169.5803915,209
11623,173.2553915,209
11624,182.3553915,209
11625,192.5103915,209
11626,160.7453915,209
11627,157.2503915,209
11628,163.6603915,209
11629,158.1553915,209
11630,169.9353915,209
11631,193.6253915,209
11632,151.4403915,209
11633,183.9603915,209
11634,176.9403915,209
11635,160.2253915,209
11636,162.1803915,209
11637,170.3953915,209
11638,162.6203915,209
11639,160.5203915,209
11640,182.5016479,209
11641,168.4103915,209
11644,151.3353915,209
11645,178.1053915,209
11646,164.1453915,209
11647,156.8703915,209
11648,195.6253915,209
11649,193.5353915,209
11650,186.0103915,209
11651,159.3753915,209
11652,173.0153791,209
11653,161.0503915,209
11654,174.6553915,209
11655,168.8903915,209
11656,158.7803915,209
11657,150.3153915,209
11658,193.1203915,209
11659,198.6753915,209
11660,170.5103915,209
11661,156.9553915,209
11662,157.3003915,209
11663,177.4703915,209
11664,148.6303915,209
11665,167.2653915,209
11666,157.9603915,209
11667,142.7903915,209
11668,176.8953915,209
11669,155.1503915,209
11670,171.7003915,209
11671,171.2503915,209
11672,163.5653915,209
11673,157.3053915,209
11674,162.9053915,209
11675,161.0453915,209
11676,166.4203915,209
11677,174.4253915,209
11678,173.3103915,209
11679,167.8603915,209
11680,168.6503915,209
11681,185.9453915,209
11682,172.4953915,209
11683,165.8553915,209
11684,151.3853915,209
11685,165.7553915,209
11686,140.4653915,209
11687,165.7053915,209
11688,169.6703915,209
11689,185.3553915,209
11690,152.1703915,209
11691,168.7553915,209
11692,165.7953915,209
11693,181.4753915,209
11694,173.7653915,209
11695,163.7653915,209
11696,157.3703915,209
11697,132.3103915,209
11698,152.0053915,209
11699,178.9303915,209
11700,181.6703915,209
11701,156.2953915,209
11704,163.1241221,209
11705,160.3871246,209
11706,157.9251129,209
11707,173.0255045,209
11708,155.4681397,209
11709,172.5112463,209
11710,152.1716331,209
11711,150.4321471,209
11712,153.9028339,209
11713,159.3995144,209
11714,167.1379679,209
11715,164.6067374,209
11716,144.273032,209
11717,160.6419245,209
11718,176.1271754,209
11719,154.089465,209
11720,147.7583851,209
11721,169.7016479,209
11722,167.1329454,209
11723,142.815064,209
11724,166.7278352,209
11725,127.2316801,209
11726,139.7973793,209
11727,175.0671978,209
11728,152.7878478,209
11729,163.361622,209
11730,162.8076252,209
11731,150.6859494,209
11732,163.9638917,209
11733,156.9566851,209
11734,155.3734546,209
11735,149.1966479,209
11737,176.2631331,209
11738,156.0770269,209
11739,177.5030625,209
11740,168.5894675,209
11741,143.9164252,209
11742,140.7060031,209
11743,175.4617425,209
11744,166.3047596,209
11745,161.8821089,209
11746,157.0920678,209
11747,150.5960186,209
11748,163.0591659,209
11749,157.5809878,209
11750,170.114352,209
11751,175.2291712,209
11752,162.5113514,209
11755,173.3153915,209
11756,162.9553915,209
11757,153.4353915,209
11758,179.7853915,209
11759,158.3953915,209
11760,167.7803915,209
11761,178.8753915,209
11762,178.1053915,209
11763,171.3703915,209
11764,186.4503915,209
11765,160.2253915,209
11766,162.3153915,209
11767,186.5153915,209
11768,154.3203915,209
11769,169.6803915,209
11770,174.7403915,209
11771,173.3103915,209
11772,152.7016479,209
11773,165.7353915,209
11774,175.0953915,209
11775,160.8053915,209
11776,172.6603915,209
11777,170.4753915,209
11778,174.2453915,209
11779,168.1153915,209
11780,148.2103915,209
11781,180.7896085,209
11782,168.9503915,209
11783,179.8303915,209
11784,172.6153915,209
11785,152.8053915,209
11786,169.8453915,209
11787,183.2803915,209
11790,171.8103915,209
11791,179.4353915,209
11792,201.4403915,209
11793,185.6003915,209
11794,195.0803915,209
11795,138.7703915,209
11796,170.4903915,209
11797,158.4753915,209
11798,153.8653915,209
11799,179.9053915,209
11800,189.6203915,209
11801,166.2553915,209
11802,163.2903915,209
11803,153.1853915,209
11804,179.1653915,209
11805,176.4853915,209
11806,152.6753915,209
11807,214.1853915,209
11808,168.3703915,209
11809,184.8503915,209
11810,153.6753915,209
11811,187.1903915,209
11812,162.7003915,209
11813,165.4403915,209
11814,146.1766479,209
11815,172.2753915,209
11816,169.1153915,209
11817,189.3003915,209
11818,147.2403915,209
11819,167.8303915,209
11820,158.0703915,209
11821,155.8253915,209
11822,188.3953915,209
11823,162.8353915,209
11824,180.3253915,209
11825,151.4103915,209
11826,174.0853915,209
11827,181.6753915,209
11828,200.7803915,209
11829,173.8303915,209
11830,164.6703915,209
11831,163.5653915,209
11832,157.4403915,209
11833,149.0353915,209
11834,186.4253915,209
11835,169.0703915,209
11836,184.3753915,209
11837,200.0003915,209
11838,172.6803915,209
11839,155.9253915,209
11840,166.2603915,209
11841,169.6053915,209
11842,208.4053915,209
11843,167.0303915,209
11844,169.6153915,209
11845,148.0303915,209
11848,175.710466,209
11849,153.5703915,209
11850,187.5503915,209
11851,179.5453915,209
11852,179.110466,209
11853,168.8803915,209
11854,187.0703915,209
11855,185.8853915,209
11856,190.6203915,209
11857,168.3103915,209
11858,171.7303915,209
11859,183.0103915,209
11860,169.3203915,209
11861,177.7453915,209
11862,184.3403915,209
11863,204.6553915,209
11864,152.9203915,209
11865,131.4603915,209
11866,176.2103915,209
11867,162.7553915,209
11868,176.8353915,209
11869,158.3953915,209
11870,156.1253915,209
11871,140.4053915,209
11872,170.8003915,209
11873,178.9253915,209
11874,169.2603915,209
11875,179.4553915,209
11876,202.8853915,209
11877,179.5103915,209
11878,173.3253915,209
11879,179.6803915,209
11880,196.6553915,209
11881,172.0816479,209
11882,189.7753915,209
11883,169.5653915,209
11884,184.4153915,209
11885,192.6553915,209
11886,172.0103915,209
11887,187.1753915,209
11888,188.9903915,209
11889,166.7653915,209
11890,179.5803915,209
11891,191.1703915,209
11892,188.8403915,209
11893,184.1903915,209
11894,192.1553915,209
11895,175.6853915,209
11896,166.4853915,209
11897,176.7553915,209
11898,162.2853915,209
11899,195.9153915,209
11900,178.4553915,209
11901,177.8153915,209
11902,142.2216479,209
11903,168.6553915,209
11906,141.1853915,209
11907,169.6753915,209
11908,176.7353915,209
11909,149.8266479,209
11910,208.1253915,209
11911,159.9753915,209
11912,158.3703915,209
11913,193.1903915,209
11914,157.6653915,209
11915,171.7453915,209
11916,178.4303915,209
11917,179.0703915,209
11918,157.3153915,209
11919,180.9953915,209
11920,165.6503915,209
11921,172.2153915,209
11922,144.5803915,209
11923,186.5553915,209
11924,193.7153915,209
11925,197.5203915,209
11926,174.9203915,209
11927,178.6403915,209
11928,153.2153915,209
11929,205.190466,209
11930,176.2653915,209
11931,155.1453915,209
11932,167.5003915,209
11933,194.7803915,209
11934,178.2403915,209
11935,172.2653915,209
11936,173.2803915,209
11937,160.2153915,209
11938,149.8103915,209
11939,178.2753915,209
11940,178.7053915,209
11941,153.8653915,209
11942,165.3553915,209
11943,163.9003915,209
11944,162.1153915,209
11945,148.2003915,209
11946,173.7803915,209
11947,154.9203915,209
11948,165.9853915,209
11949,160.1116479,209
11950,172.1003915,209
11951,174.6003915,209
11952,148.9153915,209
11953,184.2553915,209
11954,201.170466,209
11955,170.0003915,209
11956,169.5003915,209
11957,163.3203915,209
11958,170.3653915,209
11959,144.6803915,209
11960,174.7953915,209
11961,195.4553915,209
11964,185.1953915,209
11965,178.3103915,209
11966,183.4503915,209
11967,180.7053915,209
11968,158.3603915,209
11969,200.1603915,209
11970,176.5003915,209
11971,188.5703915,209
11972,183.4303915,209
11973,146.7803915,209
11974,180.1603915,209
11975,176.6303915,209
11976,145.9303915,209
11977,179.6153915,209
11978,163.0253915,209
11979,173.3403915,209
11980,185.9253915,209
11981,174.7253915,209
11982,176.5503915,209
11983,165.5003915,209
11984,176.9003915,209
11985,153.7603915,209
11986,163.3103915,209
11987,188.6253915,209
11988,185.3753915,209
11989,166.6503915,209
11990,171.9103915,209
11991,194.2503915,209
11992,180.6703915,209
11993,179.4303915,209
11994,156.4753915,209
11995,175.7603915,209
11996,179.0703915,209
11997,182.1053915,209
11998,177.2703915,209
11999,191.4753915,209
12000,121.5903915,209
